ente,regiao,cnpj,rank,URL Prefeitura
São Paulo,SE,46379400000150,1,
Minas Gerais,SE,18715615000160,2,
Rio de Janeiro,SE,42498600000171,3,
Bahia,NE,13937032000160,4,
São Paulo,SE,46395000000139,5,
Paraná,SU,76416940000128,6,
Rio Grande do Sul,SU,87934675000196,7,
Pernambuco,NE,10571982000125,8,
Ceará,NE,07954480000179,9,
União,BR,00394411000109,10,
Pará,NO,05054861000176,11,
Santa Catarina,SU,82951229000176,12,
Goiás,CO,01409580000138,13,
Maranhão,NE,06354468000160,14,
Rio de Janeiro,SE,42498733000148,15,
Paraíba,NE,08761124000100,16,
Espírito Santo,SE,27080530000143,17,
Amazonas,NO,04312369000190,18,
Mato Grosso,CO,03507415000144,19,
Rio Grande do Norte,NE,08241739000105,20,
Piauí,NE,06553481000149,21,
Alagoas,NE,12200176000176,22,
Brasília,CO,26994533000120,23,
Distrito Federal,CO,00394601000126,24,
Mato Grosso do Sul,CO,15412257000128,25,
Salvador,NE,13927801000149,26,
Fortaleza,NE,07954605000160,27,
Belo Horizonte,SE,18715383000140,28,
Sergipe,NE,13128798000101,29,
Manaus,NO,04365326000173,30,
Curitiba,SU,76417005000186,31,
Rondônia,NO,00394585000171,32,
Tocantins,NO,01786029000103,33,
Recife,NE,10565000000192,34,
Goiânia,CO,01612092000123,35,
Porto Alegre,SU,92963560000160,36,
Guarulhos,SE,46319000000150,37,
Belém,NO,05055009000113,38,
Campinas,SE,51885242000140,39,
São Luís,NE,06307102000130,40,
Maceió,NE,12200135000180,41,
Campo Grande,CO,03501509000106,42,
São Gonçalo,SE,28636579000100,43,
João Pessoa,NE,08778326000156,44,
Teresina,NE,06554869000164,45,
São Bernardo do Campo,SE,46523239000147,46,
Acre,NO,63606479000124,47,
Nova Iguaçu,SE,29138278000101,48,
Duque de Caxias,SE,29138328000150,49,
Osasco,SE,46523171000104,50,
Santo André,SE,46522942000130,51,
Amapá,NO,00394577000125,52,
Natal,NE,08241747000143,53,
Sorocaba,SE,46634044000174,54,
Uberlândia,SE,18431312000115,55,
São José dos Campos,SE,46643466000106,56,
Ribeirão Preto,SE,56024581000156,57,
Cuiabá,CO,03533064000146,58,
Jaboatão dos Guararapes,NE,10377679000196,59,
Feira de Santana,NE,14043574000151,60,
Roraima,NO,84012012000126,61,
Joinville,SU,83169623000110,62,
Contagem,SE,18715508000131,63,
Aracaju,NE,13128780000100,64,
Londrina,SU,75771477000170,65,
Florianópolis,SU,82892282000143,66,
Juiz de Fora,SE,18338178000102,67,
Serra,SE,27174093000127,68,
Niterói,SE,28521748000159,69,
Ananindeua,NO,05058441000168,70,
Caxias do Sul,SU,88830609000139,71,
Aparecida de Goiânia,CO,01005727000124,72,
Vila Velha,SE,27165554000103,73,
Macapá,NO,05995766000177,74,
São José do Rio Preto,SE,46588950000180,75,
Campos dos Goytacazes,SE,29116894000161,76,
Mogi das Cruzes,SE,46523270000188,77,
Porto Velho,NO,05903125000145,78,
Jundiaí,SE,45780103000150,79,
Maringá,SU,76282656000106,80,
Belford Roxo,SE,39485438000142,81,
Montes Claros,SE,22678874000135,82,
Piracicaba,SE,46341038000129,83,
Betim,SE,18715391000196,84,
Campina Grande,NE,08993917000146,85,
Santos,SE,58200015000183,86,
Boa Vista,NO,05943030000155,87,
Carapicuíba,SE,44892693000140,88,
Diadema,SE,46523247000193,89,
São João de Meriti,SE,29138336000105,90,
Anápolis,CO,01067479000146,91,
Itaquaquecetuba,SE,46316600000164,92,
Ponta Grossa,SU,76175884000187,93,
Bauru,SE,46137410000180,94,
Petrolina,NE,10358190000177,95,
Vitória da Conquista,NE,14239578000100,96,
Mauá,SE,46522959000198,97,
Caruaru,NE,10091536000113,98,
Cariacica,SE,27150549000119,99,
Caucaia,NE,07616162000106,100,
Franca,SE,47970769000104,101,
Rio Branco,NO,04034583000122,102,
Blumenau,SU,83108357000115,103,
Uberaba,SE,18428839000190,104,
Santarém,NO,05182233000176,105,
Cascavel,SU,76208867000107,106,
Olinda,NE,10404184000109,107,
Paulista,NE,10408839000117,108,
Praia Grande,SE,46177531000155,109,
Barueri,SE,46523015000135,110,
Canoas,SU,88577416000118,111,
São Vicente,SE,46177523000109,112,
Palmas,CO,24851511000185,113,
Camaçari,NE,14109763000180,114,
Vitória,SE,27142058000126,115,
Suzano,SE,46523056000121,116,
Ribeirão das Neves,SE,18314609000109,117,
São José dos Pinhais,SU,76105543000135,118,
Pelotas,SU,87455531000157,119,
Várzea Grande,CO,03507548000110,120,
Taubaté,SE,45176005000108,121,
Guarujá,SE,44959021000104,122,
Limeira,SE,45132495000140,123,
Petrópolis,SE,29138344000143,124,
Santa Maria,SU,88488366000100,125,
Sumaré,SE,45787660000100,126,
Itajaí,SU,83102277000152,127,
Cotia,SE,46523049000120,128,
São José,SU,82892274000105,129,
Foz do Iguaçu,SU,76206606000140,130,
Taboão da Serra,SE,46523122000163,131,
Gravataí,SU,87890992000158,132,
Embu das Artes,SE,46523114000117,133,
Imperatriz,NE,06158455000116,134,
Parauapebas,NO,22980999000115,135,
Marabá,NO,05853163000130,136,
Volta Redonda,SE,32512501000143,137,
São José de Ribamar,NE,06351514000178,138,
Juazeiro do Norte,NE,07974082000114,139,
Indaiatuba,SE,44733608000109,140,
Mossoró,NE,08348971000139,141,
Macaé,SE,29115474000160,142,
Governador Valadares,SE,20622890000180,143,
Dourados,CO,03155926000144,144,
São Carlos,SE,45358249000101,145,
Rondonópolis,CO,03347101000121,146,
Parnamirim,NE,08170862000174,147,
Jacareí,SE,46694139000183,148,
Chapecó,SU,83021808000182,149,
Araraquara,SE,45276128000110,150,
Divinópolis,SE,18291351000164,151,
Magé,SE,29138351000145,152,
Hortolândia,SE,67995027000132,153,
Juazeiro,NE,13915632000127,154,
Americana,SE,45781176000166,155,
Novo Hamburgo,SU,88254875000160,156,
Itapevi,SE,46523031000128,157,
Colombo,SU,76105634000170,158,
Marília,SE,44477909000100,159,
Palhoça,SU,82892316000108,160,
Arapiraca,NE,12198693000158,161,
Sete Lagoas,SE,24996969000122,162,
Maracanaú,NE,07605850000162,163,
Criciúma,SU,82916818000113,164,
Itaboraí,SE,28741080000155,165,
Presidente Prudente,SE,55356653000108,166,
Maricá,SE,29131075000193,167,
Viamão,SU,88000914000101,168,
Lauro de Freitas,NE,13927819000140,169,
Sobral,NE,07598634000137,170,
Passo Fundo,SU,87612537000190,171,
São Leopoldo,SU,89814693000160,172,
Rio Verde,CO,02056729000105,173,
Cabo Frio,SE,28549483000105,174,
Araçatuba,SE,45511847000179,175,
Santa Luzia,SE,18715409000150,176,
Ipatinga,SE,19876424000142,177,
Águas Lindas de Goiás,CO,01616520000196,178,
Rio Claro,SE,45774064000188,179,
Nova Friburgo,SE,28606630000123,180,
Cabo de Santo Agostinho,NE,11294402000162,181,
Castanhal,NO,05121991000184,182,
Sinop,CO,15024003000132,183,
Ilhéus,NE,13672597000162,184,
Valparaíso de Goiás,CO,01616319000109,185,
Luziânia,CO,01169416000109,186,
Cachoeiro de Itapemirim,SE,27165588000190,187,
Jaraguá do Sul,SU,83102459000123,188,
Nossa Senhora do Socorro,NE,13128814000158,189,
Rio Grande,SU,88566872000162,190,
Guarapuava,SU,76178037000176,191,
Teresópolis,SE,29138369000147,192,
Ferraz de Vasconcelos,SE,46523197000144,193,
Araguaína,CO,01830793000139,194,
Alvorada,SU,88000906000157,195,
Itabuna,NE,14147490000168,196,
Santa Bárbara d'Oeste,SE,46422408000152,197,
Francisco Morato,SE,46523072000114,198,
Ibirité,SE,18715490000178,199,
Bragança Paulista,SE,46352746000165,200,
Angra dos Reis,SE,29172467000109,201,
Itu,SE,46634440000100,202,
Timon,NE,06115307000114,203,
Itapecerica da Serra,SE,46523130000100,204,
Poços de Caldas,SE,18629840000183,205,
Atibaia,SE,45279635000108,206,
Linhares,SE,27167410000188,207,
Mesquita,SE,04132090000125,208,
Fazenda Rio Grande,SU,95422986000102,209,
Itapetininga,SE,46634291000170,210,
São Caetano do Sul,SE,59307595000175,211,
Araucária,SU,76105535000199,212,
Barra Mansa,SE,28695658000184,213,
Barreiras,NE,13654405000195,214,
Pindamonhangaba,SE,45226214000119,215,
Lages,SU,82777301000190,216,
Santana de Parnaíba,SE,46522983000127,217,
Parnaíba,NE,06554430000131,218,
Pouso Alegre,SE,18675983000121,219,
Patos de Minas,SE,18602011000107,220,
Franco da Rocha,SE,46523080000160,221,
Porto Seguro,NE,13635016000112,222,
Abaetetuba,NO,05105127000199,223,
Alagoinhas,NE,13646005000138,224,
Paranaguá,SU,76017458000115,225,
Jequié,NE,13894878000160,226,
Toledo,SU,76205806000188,227,
Mogi Guaçu,SE,45301264000113,228,
Caxias,NE,06082820000156,229,
Senador Canedo,CO,25107525000151,230,
Nilópolis,SE,29138286000158,231,
Rio das Ostras,SE,39223581000166,232,
Trindade,CO,01217538000115,233,
Santa Rita,NE,09159666000161,234,
Teixeira de Freitas,NE,13650403000128,235,
Camaragibe,NE,08260663000157,236,
Paço do Lumiar,NE,06003636000173,237,
Botucatu,SE,46634101000115,238,
Campo Largo,SU,76105618000188,239,
Garanhuns,NE,11303906000100,240,
Teófilo Otoni,SE,18404780000109,241,
Salto,SE,46634507000106,242,
Brusque,SU,83102343000194,243,
Balneário Camboriú,SU,83102285000107,244,
Queimados,SE,39485412000102,245,
Vespasiano,SE,18715425000142,246,
Votorantim,SE,46634051000176,247,
Itaituba,NO,05138730000177,248,
Varginha,SE,18240119000105,249,
Ji-Paraná,NO,04092672000125,250,
Apucarana,SU,75771253000168,251,
Vitória de Santo Antão,NE,11049855000123,252,
Altamira,NO,05263116000137,253,
Cametá,NO,05105283000150,254,
Cachoeirinha,SU,87990800000185,255,
Conselheiro Lafaiete,SE,19718360000151,256,
Santa Cruz do Sul,SU,95440517000108,257,
Guarapari,SE,27165190000153,258,
Itaguaí,SE,29138302000102,259,
Valinhos,SE,45787678000102,260,
Itapipoca,NE,07623077000167,261,
Três Lagoas,CO,03184041000173,262,
Caraguatatuba,SE,46482840000139,263,
Jaú,SE,46195079000154,264,
Araras,SE,44215846000114,265,
Sabará,SE,18715441000135,266,
Piraquara,SU,76105675000167,267,
Pinhais,SU,95423000000100,268,
Crato,NE,07587975000107,269,
Sapucaia do Sul,SU,88185020000125,270,
Bento Gonçalves,SU,87849923000109,271,
Cubatão,SE,47492806000108,272,
Resende,SE,29178233000160,273,
Sertãozinho,SE,45371820000128,274,
Jandira,SE,46522991000173,275,
Simões Filho,NE,13927827000197,276,
Barcarena,NO,05058458000115,277,
Araruama,SE,28531762000133,278,
Sarandi,SU,78200482000110,279,
Várzea Paulista,SE,45780087000103,280,
Colatina,SE,27165729000174,281,
Marituba,NO,01611666000149,282,
Tatuí,SE,46634564000187,283,
Barbacena,SE,17095043000109,284,
São Mateus,SE,27167477000112,285,
Almirante Tamandaré,SU,76105659000174,286,
Bragança,NO,04873592000107,287,
Araguari,SE,16829640000149,288,
Barretos,SE,44780609000104,289,
Arapongas,SU,76958966000106,290,
Paulo Afonso,NE,14217327000124,291,
Birigui,SE,46151718000180,292,
Nova Lima,SE,22934889000117,293,
Sorriso,CO,03239076000162,294,
Umuarama,SU,76247378000156,295,
Guaratinguetá,SE,46680500000112,296,
Araxá,SE,18140756000100,297,
Itatiba,SE,50122571000177,298,
Ribeirão Pires,SE,46522967000134,299,
Paulínia,SE,45751435000106,300,
São Gonçalo do Amarante,NE,08079402000135,301,
Igarassu,NE,10359560000190,302,
Uruguaiana,SU,88131164000107,303,
Santana,NO,23066640000108,304,
Catanduva,SE,45122603000102,305,
Breves,NO,04876389000194,306,
Nova Serrana,SE,18291385000159,307,
Tubarão,SU,82928656000133,308,
Itumbiara,CO,02204196000161,309,
Mairiporã,SE,46523163000150,310,
Bagé,SU,88073291000199,311,
Formosa,CO,01738780000134,312,
Eunápolis,NE,16233439000102,313,
Camboriú,SU,83102293000145,314,
Codó,NE,06104863000195,315,
São Lourenço da Mata,NE,11251832000105,316,
Catalão,CO,01505643000150,317,
Passos,SE,18241745000108,318,
Itabira,SE,18299446000124,319,
Poá,SE,55021455000185,320,
Planaltina,CO,01740422000166,321,
Ourinhos,SE,53415717000160,322,
Luís Eduardo Magalhães,NE,04214419000105,323,
Itanhaém,SE,46578498000175,324,
Açailândia,NE,07000268000172,325,
Cambé,SU,75732057000184,326,
Erechim,SU,87613477000120,327,
Paragominas,NO,05193057000178,328,
Jataí,CO,01165729000180,329,
Bacabal,NE,06014351000138,330,
Itacoatiara,NO,04241980000175,331,
Muriaé,SE,17947581000176,332,
Itabaiana,NE,13104740000110,333,
Patos,NE,09084815000170,334,
Santo Antônio de Jesus,NE,13825476000103,335,
Manacapuru,NO,04274064000131,336,
Esmeraldas,SE,18715466000139,337,
São Pedro da Aldeia,SE,28909604000174,338,
Lagarto,NE,13124052000111,339,
Cajamar,SE,46523023000181,340,
Ariquemes,NO,04104816000116,341,
Tangará da Serra,CO,03788239000166,342,
Assis,SE,46179941000135,343,
Balsas,NE,06441430000125,344,
Aracruz,SE,27142702000166,345,
Abreu e Lima,NE,08637373000180,346,
Itaperuna,SE,28916716000152,347,
Campo Mourão,SU,75904524000106,348,
Ipojuca,NE,11294386000108,349,
Ubá,SE,18128207000101,350,
Lavras,SE,18244376000107,351,
Caieiras,SE,46523064000178,352,
Novo Gama,CO,01629276000104,353,
Iguatu,NE,07810468000190,354,
Arujá,SE,56901275000150,355,
Leme,SE,46362661000168,356,
Pará de Minas,SE,18313817000185,357,
Lajeado,SU,87297982000103,358,
Ituiutaba,SE,18457218000135,359,
Santa Cruz do Capibaribe,NE,10091569000163,360,
Ubatuba,SE,46482857000196,361,
Votuporanga,SE,46599809000182,362,
Francisco Beltrão,SU,77816510000166,363,
Coronel Fabriciano,SE,19875046000182,364,
Japeri,SE,39485396000140,365,
Caçapava,SE,45189305000121,366,
Parintins,NO,04329736000169,367,
Valença,NE,14235899000136,368,
Itaúna,SE,18309724000187,369,
São Cristóvão,NE,13128855000144,370,
Vilhena,NO,04092706000181,371,
Itapeva,SE,46634358000177,372,
Corumbá,CO,03330461000110,373,
Cruzeiro do Sul,NO,04012548000102,374,
Paracatu,SE,18278051000145,375,
Pato Branco,SU,76995448000154,376,
São João del Rei,SE,17749896000109,377,
Rio Largo,NE,12200168000120,378,
Caldas Novas,CO,01787506000155,379,
Primavera do Leste,CO,01974088000105,380,
Maranguape,NE,07963051000168,381,
Avaré,SE,46634168000150,382,
Cáceres,CO,03214145000183,383,
São João da Boa Vista,SE,46429379000150,384,
Aquiraz,NE,07911696000157,385,
Cacoal,NO,04092714000128,386,
Patrocínio,SE,18468033000126,387,
Serra Talhada,NE,10282945000105,388,
Guaíba,SU,88811922000120,389,
Redenção,NO,04144168000121,390,
Barra do Piraí,SE,28576080000147,391,
Mogi Mirim,SE,45332095000189,392,
Paranavaí,SU,76977768000181,393,
Itajubá,SE,18025940000109,394,
Ponta Porã,CO,03434792000109,395,
Tucuruí,NO,05251632000141,396,
Manhuaçu,SE,18385088000172,397,
Saquarema,SE,32147670000121,398,
Navegantes,SU,83102855000150,399,
Caratinga,SE,18334268000125,400,
Jacobina,NE,14197586000130,401,
São Sebastião,SE,46482832000192,402,
Guanambi,NE,13982640000196,403,
Unaí,SE,18125161000177,404,
Alenquer,NO,04838793000173,405,
Gravatá,NE,11049830000120,406,
São Roque,SE,70946009000175,407,
Serrinha,NE,13845086000103,408,
Seropédica,SE,01604139000107,409,
Santa Inês,NE,06198949000124,410,
Ijuí,SU,90738196000109,411,
Araripina,NE,11040854000118,411,
Viçosa,SE,18132449000179,413,
Pinheiro,NE,06200745000180,414,
Lorena,SE,47563739000175,415,
Ibiúna,SE,46634531000137,416,
Barra do Corda,NE,06769798000117,417,
Cidade Ocidental,CO,36862621000121,418,
Tailândia,NO,22941355000118,419,
Gurupi,CO,01803618000152,420,
Lucas do Rio Verde,CO,24772246000140,421,
Sant'Ana do Livramento,SU,88124961000159,422,
São Bento do Sul,SU,86051398000100,423,
Aracati,NE,07684756000146,424,
Pacatuba,NE,07963861000114,425,
Curvelo,SE,17695024000105,426,
Cianorte,SU,76309806000128,427,
Vinhedo,SE,46446696000185,428,
Picos,NE,06553804000102,429,
Bayeux,NE,08924581000160,430,
Tianguá,NE,07735178000120,431,
Concórdia,SU,83024257000100,432,
Macaíba,NE,08234148000100,433,
Moju,NO,05105135000135,434,
Campo Limpo Paulista,SE,45780095000141,435,
Chapadinha,NE,06117709000158,436,
São Félix do Xingu,NO,05421300000168,437,
Goiana,NE,10150043000107,438,
Quixadá,NE,23444748000189,439,
Cachoeira do Sul,SU,87530978000143,440,
Alfenas,SE,18243220000101,441,
Belo Jardim,NE,10260222000105,442,
Carpina,NE,11097342000198,443,
Biguaçu,SU,82892308000153,444,
Quixeramobim,NE,07744303000168,445,
Ceará-Mirim,NE,08004061000139,446,
Timóteo,SE,19875020000134,447,
Arcoverde,NE,10105955000167,448,
Santa Rosa,SU,88546890000182,449,
Senhor do Bonfim,NE,13988308000139,450,
Matão,SE,45270188000126,451,
Candeias,NE,13830336000123,452,
Três Rios,SE,29138377000193,453,
Santo Ângelo,SU,87613071000148,454,
Irecê,NE,13715891000104,455,
Itapema,SU,82572207000103,456,
Oriximiná,NO,05131081000182,457,
Ouro Preto,SE,18295295000136,458,
Tomé-Açu,NO,05196530000170,459,
Castro,SU,77001311000108,460,
João Monlevade,SE,18401059000157,461,
Bebedouro,SE,45709920000111,462,
Sapiranga,SU,87366159000102,463,
Cruzeiro,SE,46668596000101,464,
Canaã dos Carajás,NO,01613321000124,465,
Crateús,NE,07982036000167,466,
Três Corações,SE,17955535000119,467,
Farroupilha,SU,89848949000150,468,
Esteio,SU,88150495000186,469,
Tefé,NO,04426383000115,470,
Caçador,SU,83074302000131,471,
Lins,SE,44531788000138,472,
Bom Jesus da Lapa,NE,14105183000114,473,
Canindé,NE,07963259000187,474,
Grajaú,NE,06377063000148,475,
Eusébio,NE,23563067000130,476,
Pirassununga,SE,45731650000145,477,
Telêmaco Borba,SU,76170240000104,478,
Goianésia,CO,01065846000172,479,
Gaspar,SU,83102244000102,480,
Itupeva,SE,45780061000157,481,
Barbalha,NE,06740278000181,482,
Russas,NE,07535446000160,483,
Valença,SE,29076130000190,484,
Araranguá,SU,82911249000113,485,
Jaboticabal,SE,50387844000105,486,
Alegrete,SU,87896874000157,487,
Fernandópolis,SE,47842836000105,488,
Casa Nova,NE,13691811000128,489,
Viana,SE,27165547000101,490,
Indaial,SU,83102798000100,491,
Rolândia,SU,76288760000108,492,
Coari,NO,04262432000121,493,
Mineiros,CO,02316537000190,494,
Porto Nacional,CO,00299198000156,495,
São Sebastião do Paraíso,SE,18241349000180,496,
Rio do Sul,SU,83102574000106,497,
Lagoa Santa,SE,73357469000156,498,
Cascavel,NE,07589369000120,499,
Itapira,SE,45281144000100,500,
Capanema,NO,05149091000145,501,
Brumado,NE,14105704000133,502,
Conceição do Coité,NE,13843842000157,503,
Janaúba,SE,18017392000167,504,
Horizonte,NE,23555196000186,505,
Amparo,SE,43465459000173,506,
Goianira,CO,01291707000167,507,
Peruíbe,SE,46578514000120,508,
Barreirinhas,NE,06217954000137,509,
Dias d'Ávila,NE,13394044000195,510,
Barra do Garças,CO,03439239000150,511,
Santa Izabel do Pará,NO,05171699000176,512,
Monte Mor,SE,45787652000156,513,
Cabedelo,NE,09012493000154,514,
Itapetinga,NE,13751102000190,515,
Santo Antônio do Descoberto,CO,00097857000171,516,
Campo Formoso,NE,13908702000110,517,
Palmeira dos Índios,NE,12356879000198,518,
Venâncio Aires,SU,87334918000155,519,
Cataguases,SE,17702499000181,520,
Formiga,SE,16784720000125,521,
Itaberaba,NE,13719646000175,522,
Sousa,NE,08999674000153,523,
Portel,NO,04876447000180,524,
Pacajus,NE,07384407000109,525,
Montenegro,SU,90895905000160,526,
Tabatinga,NO,04011805000191,527,
Igarapé-Miri,NO,05191333000169,528,
Piripiri,NE,06553861000183,529,
Itapecuru Mirim,NE,05648696000180,530,
Lençóis Paulista,SE,46200846000176,531,
Mococa,SE,44763928000101,532,
Campo Bom,SU,90832619000155,533,
Januária,SE,21461546000110,534,
Ouricuri,NE,11040904000167,535,
Euclides da Cunha,NE,13698774000180,536,
Mariana,SE,18295303000144,537,
Boituva,SE,46634499000190,538,
Estância,NE,13097050000180,539,
Acaraú,NE,07547821000191,540,
Içara,SU,82916800000111,541,
Vacaria,SU,87866745000116,542,
Bertioga,SE,68020916000147,543,
Surubim,NE,11361862000166,544,
Frutal,SE,18449132000160,545,
Mirassol,SE,46612032000149,546,
Tupã,SE,44573087000161,547,
Acará,NO,05196548000172,548,
Embu-Guaçu,SE,46523148000101,549,
Cajazeiras,NE,08923971000115,550,
Registro,SE,45685872000179,551,
Floriano,NE,06554067000154,552,
Camocim,NE,07660350000123,553,
Salgueiro,NE,11361243000171,554,
Icó,NE,07669682000179,555,
Penápolis,SE,49576416000141,556,
Capão da Canoa,SU,90836693000140,557,
Nova Odessa,SE,45781184000102,558,
Camaquã,SU,88696810000175,559,
Bezerros,NE,10091510000175,560,
Extremoz,NE,08204497000171,561,
Marechal Deodoro,NE,12200275000158,562,
Maués,NO,04282869000127,563,
Caicó,NE,08096570000139,564,
Mongaguá,SE,46578506000183,565,
Carazinho,SU,87613535000116,566,
Morada Nova,NE,07782840000100,567,
Pesqueira,NE,10264406000135,568,
Itamaraju,NE,13761697000165,569,
Jaguariúna,SE,46410866000171,570,
Itaitinga,NE,41563628000182,571,
Cruz das Almas,NE,14006977000120,572,
Novo Repartimento,NO,34626416000131,573,
Pedro Leopoldo,SE,23456650000141,574,
São Gonçalo do Amarante,NE,07533656000119,575,
Muaná,NO,05105200000122,576,
Monte Alegre,NO,04838496000128,577,
Iranduba,NO,04628533000173,578,
Cosmópolis,SE,44730331000152,579,
Coroatá,NE,06331110000112,580,
Escada,NE,11294303000180,581,
Limoeiro do Norte,NE,07891674000172,582,
Humaitá,NO,04465209000181,583,
Viçosa do Ceará,NE,10462497000113,584,
Andradina,SE,44428506000171,585,
Ibitinga,SE,45321460000150,586,
Batatais,SE,45299104000187,587,
Porto Feliz,SE,46634481000198,588,
Irati,SU,75654574000182,589,
Manicoré,NO,04197166000109,590,
União dos Palmares,NE,12332946000134,591,
Cruz Alta,SU,88775390000112,592,
Cristalina,CO,01138122000101,593,
Nova Mutum,CO,24772162000106,594,
Ponte Nova,SE,23804149000129,595,
São Borja,SU,88489786000101,596,
Penedo,NE,12243697000100,597,
Itabirito,SE,18307835000154,598,
Dom Eliseu,NO,22953681000145,599,
São Gabriel,SU,88768080000170,600,
Trairi,NE,07533946000162,601,
Óbidos,NO,05131180000164,602,
Viseu,NO,04873618000117,603,
Ipirá,NE,14042659000115,604,
Juruti,NO,05257555000137,605,
Guarabira,NE,08785479000120,606,
Santa Luzia,NE,06191001000147,607,
Rolim de Moura,NO,04394805000118,608,
Santa Isabel,SE,56900848000121,609,
Ulianópolis,NO,83334672000160,610,
Marechal Cândido Rondon,SU,76205814000124,611,
Açu,NE,08294662000123,612,
Alta Floresta,CO,15023906000107,613,
Capitão Poço,NO,05149109000109,614,
Benevides,NO,05058466000161,615,
Xinguara,NO,04144150000120,616,
Tauá,NE,07849532000147,617,
Olímpia,SE,46596151000155,618,
Santo Amaro,NE,14222566000172,619,
Videira,SU,83039842000184,620,
Limoeiro,NE,11097292000149,621,
Pirapora,SE,23539463000121,622,
Santo Estêvão,NE,14042667000161,623,
Congonhas,SE,16752446000102,624,
Mafra,SU,83102509000172,625,
Artur Nogueira,SE,45735552000186,626,
União da Vitória,SU,75967760000171,627,
Paudalho,NE,11097383000184,628,
Rio Bonito,SE,28741072000109,629,
Pontes e Lacerda,CO,15023989000126,630,
Ibiporã,SU,76244961000103,631,
Canoinhas,SU,83102384000180,632,
Moreno,NE,11049822000183,633,
Medianeira,SU,76206481000158,634,
Imbituba,SU,82909409000190,635,
Parobé,SU,88372883000101,636,
Ribeira do Pombal,NE,13809397000109,637,
Palmares,NE,10212447000188,638,
Cachoeiras de Macacu,SE,29128766000138,639,
Itupiranga,NO,05077102000129,640,
Vargem Grande Paulista,SE,51455087000122,641,
Bom Despacho,SE,18301002000186,642,
Louveira,SE,46363933000144,643,
Extrema,SE,18677591000100,644,
Três Pontas,SE,18245167000188,645,
Granja,NE,07827165000180,646,
Tutóia,NE,06218572000128,647,
Inhumas,CO,01153030000109,648,
Taquara,SU,97761407000173,649,
São Miguel do Guamá,NO,05193073000160,650,
Beberibe,NE,07528292000189,651,
Porto Ferreira,SE,45339363000194,652,
São Francisco do Sul,SU,83102269000106,653,
Buriticupu,NE,01612525000140,654,
Campo Belo,SE,18659334000137,655,
Nova Andradina,CO,03173317000118,656,
Caetité,NE,13811476000154,657,
Jaru,NO,04279238000159,658,
Lagoa da Prata,SE,18318618000160,659,
São Miguel dos Campos,NE,12264222000109,660,
São Gabriel da Cachoeira,NO,04272670000118,661,
Tramandaí,SU,88771001000180,662,
Baião,NO,05425871000170,663,
Taquaritinga,SE,72130818000130,664,
São José do Rio Pardo,SE,45741659000137,665,
Piedade,SE,46634457000159,666,
Paraíso do Tocantins,CO,00299180000154,667,
Tremembé,SE,46638714000120,668,
Viana,NE,06439988000176,669,
Araci,NE,14232086000192,670,
São Francisco,SE,22679153000140,671,
Delmiro Gouveia,NE,12224895000127,672,
Sapé,NE,08917080000156,673,
Brejo Santo,NE,07620701000172,674,
Guaxupé,SE,18663401000197,675,
Xanxerê,SU,83009860000113,676,
Capivari,SE,44723674000190,677,
Naviraí,CO,03155934000190,678,
Paraty,SE,29172475000147,679,
Tobias Barreto,NE,13119300000136,680,
Barra,NE,13880703000101,681,
Quirinópolis,CO,02056737000151,682,
Guapimirim,SE,39547500000183,683,
Osório,SU,88814181000130,684,
Bocaiúva,SE,18803072000132,685,
Paiçandu,SU,76282664000152,686,
Morrinhos,CO,01789551000149,687,
Coruripe,NE,12264230000147,688,
Buíque,NE,10105963000103,689,
Seabra,NE,13922604000137,690,
Juína,CO,15359201000157,691,
Tijucas,SU,82577636000165,692,
Prudentópolis,SU,77003424000134,693,
Vigia,NO,05351606000195,694,
Leopoldina,SE,17733643000147,695,
Santiago,SU,87897740000150,696,
Canela,SU,88585518000185,697,
Canguçu,SU,88861430000149,698,
Jales,SE,45131885000104,699,
Mata de São João,NE,13805528000180,700,
Estância Velha,SU,88254883000107,701,
São Bento do Una,NE,10091577000100,702,
Uruará,NO,34593541000192,703,
Vargem Grande,NE,05648738000183,704,
Brejo da Madre de Deus,NE,10091528000177,705,
Nova Venécia,SE,27167428000180,706,
Boa Viagem,NE,07963515000136,707,
Poções,NE,14242200000165,708,
Catu,NE,13800685000100,709,
Mairinque,SE,45944428000120,710,
Tucano,NE,13810312000102,711,
São Joaquim da Barra,SE,59851543000165,712,
Barras,NE,06554406000100,713,
Campina Grande do Sul,SU,76105600000186,714,
Diamantina,SE,17754136000190,715,
Monte Santo,NE,13698766000133,716,
João Pinheiro,SE,16930299000113,717,
Queimadas,NE,08742264000122,718,
São Benedito,NE,07778129000174,719,
Amontada,NE,06582449000191,720,
Monte Alto,SE,51816247000111,721,
São José de Mipibu,NE,08365850000103,722,
Monte Carmelo,SE,18593103000178,723,
Sidrolândia,CO,03501574000131,724,
Marialva,SU,76282680000145,725,
Itaberaí,CO,02451938000153,726,
Lábrea,NO,05830872000109,727,
Altos,NE,06554794000111,728,
Campo Verde,CO,24950495000188,729,
Marau,SU,87599122000124,730,
Santa Maria de Jetibá,SE,36388445000138,731,
Guaramirim,SU,83102475000116,732,
Itapajé,NE,07683956000184,733,
Xique-Xique,NE,13880257000127,734,
São Bento,NE,06214258000177,735,
Santana do Ipanema,NE,12250916000189,736,
Capão Bonito,SE,46634259000195,737,
Marataízes,SE,01609408000128,738,
Timbó,SU,83102764000115,739,
União,NE,06553606000130,740,
Santa Cruz do Rio Pardo,SE,46231890000143,741,
Jaguaquara,NE,13910211000103,742,
Timbaúba,NE,11361904000169,743,
Cabreúva,SE,46634432000155,744,
Itapemirim,SE,27174168000170,745,
Barra Velha,SU,83102830000157,746,
Lapa,SU,76020452000105,747,
Casimiro de Abreu,SE,29115458000178,748,
Araquari,SU,83102228000110,749,
Mauriti,NE,07655269000155,750,
Jardinópolis,SE,44229821000170,751,
Santo Antônio da Platina,SU,76968627000100,752,
Campo Maior,NE,06716880000183,753,
Dracena,SE,44880060000111,754,
Rio Grande da Serra,SE,46522975000180,755,
Campos do Jordão,SE,45699626000176,756,
Presidente Dutra,NE,06138366000108,757,
São Francisco de Itabapoana,SE,01623783000122,758,
Salto de Pirapora,SE,46634093000107,759,
Igarapé,SE,18715474000185,760,
Dois Vizinhos,SU,76205640000108,761,
Conceição do Araguaia,NO,05070404000175,762,
Gramado,SU,88847082000155,763,
Acopiara,NE,07847379000119,764,
Mamanguape,NE,08898124000148,765,
Cornélio Procópio,SU,76331941000170,765,
Santana do Araguaia,NO,05832977000199,767,
Serrana,SE,44229813000123,768,
Curuçá,NO,05171939000132,769,
Itararé,SE,46634390000152,770,
Salinópolis,NO,05149166000198,771,
Aquidauana,CO,03452299000103,772,
São Lourenço,SE,18188219000121,773,
Lago da Pedra,NE,06021810000100,774,
São Mateus do Sul,SU,76021450000122,775,
Santos Dumont,SE,17747924000159,776,
Porangatu,CO,01801612000146,777,
Cerquilho,SE,46634614000126,778,
Mateus Leme,SE,18715433000199,779,
São Miguel do Oeste,SU,82821174000180,780,
Jaraguá,CO,01223916000173,781,
Livramento de Nossa Senhora,NE,13674817000197,782,
Pederneiras,SE,46189718000179,783,
Campo Novo do Parecis,CO,24772287000136,784,
Palmas,SU,76161181000108,785,
Uruaçu,CO,01219807000182,786,
Augusto Corrêa,NO,04873600000115,787,
Bom Conselho,NE,11285954000104,788,
Pacajá,NO,22981427000150,789,
Panambi,SU,88702089000189,790,
Maracaju,CO,03442597000112,791,
Pedreira,SE,46410775000136,792,
Ipiaú,NE,13701651000150,793,
Tarauacá,NO,34693564000179,794,
Santo Antônio da Patrulha,SU,88814199000132,795,
Guaratuba,SU,76017474000108,796,
Simão Dias,NE,13108089000156,797,
Itarema,NE,07663941000154,798,
José de Freitas,NE,06554786000175,799,
Guaraciaba do Norte,NE,07569205000131,800,
Rurópolis,NO,10222297000193,801,
Paraíba do Sul,SE,29138385000130,802,
São Lourenço do Sul,SU,87893111000152,803,
Torres,SU,87876801000101,804,
Autazes,NO,04477642000137,805,
Barra dos Coqueiros,NE,13128863000190,806,
Arcos,SE,18306662000150,807,
Macaúbas,NE,13782461000105,808,
Águas Belas,NE,11286341000191,809,
Garça,SE,44518371000135,810,
Coelho Neto,NE,05281738000198,811,
Currais Novos,NE,08109126000100,812,
Laguna,SU,82928706000182,813,
Nossa Senhora da Glória,NE,13113626000156,814,
Santa Helena,NE,06226583000150,815,
Paracambi,SE,29138294000102,816,
São Gotardo,SE,18602037000155,817,
Nova Viçosa,NE,13761531000149,818,
Ipu,NE,07679723000108,819,
Paraguaçu Paulista,SE,44547305000193,820,
Boa Esperança,SE,18239590000175,821,
Esperantina,NE,06554174000182,822,
Vera Cruz,NE,13891130000103,823,
Santo Antônio de Pádua,SE,29114139000148,824,
Zé Doca,NE,12122065000199,825,
Barra de São Francisco,SE,27165745000167,826,
Santa Rita do Sapucaí,SE,18192898000102,827,
Paranaíba,CO,03343118000100,828,
Porto de Moz,NO,05183827000100,829,
Remanso,NE,13909247000177,830,
Andradas,SE,17884412000134,831,
Santa Maria da Boa Vista,NE,10358182000120,832,
São Sebastião do Passé,NE,13831441000187,833,
Toritama,NE,11256054000139,834,
Jacarezinho,SU,76966860000146,835,
Socorro,SE,46444063000138,836,
Colinas,NE,06113682000125,837,
Itabaianinha,NE,13098181000182,838,
Jarinu,SE,45780079000159,839,
Curitibanos,SU,83754044000134,840,
Santa Quitéria,NE,07725138000105,841,
Breu Branco,NO,34626440000170,842,
Iperó,SE,46634085000160,843,
Afogados da Ingazeira,NE,10346096000106,844,
Paracuru,NE,07592298000115,845,
Barra do Choça,NE,13906789000196,846,
Barreiros,NE,10110989000140,847,
Salinas,SE,24359333000170,848,
Almenara,SE,18349894000195,849,
Sena Madureira,NO,04513362000137,850,
Espírito Santo do Pinhal,SE,45739083000173,851,
Caeté,SE,18302299000102,852,
São Gonçalo dos Campos,NE,14060602000149,853,
Vargem Grande do Sul,SE,46248837000155,854,
Itápolis,SE,49979255000137,855,
Cansanção,NE,13806567000100,856,
Capelinha,SE,19229921000159,857,
São Manuel,SE,46634523000190,858,
Lajedo,NE,10143246000176,859,
Guajará-Mirim,NO,05893631000109,860,
Castelo,SE,27165638000139,861,
Guaíra,SE,48344014000159,862,
Eldorado do Sul,SU,92324706000127,863,
Oliveira,SE,16854531000181,864,
Matinhos,SU,76017466000161,865,
Ouro Branco,SE,18295329000192,866,
Riacho de Santana,NE,14105191000160,867,
São Raimundo Nonato,NE,06772859000103,868,
Armação dos Búzios,SE,01616171000102,869,
Presidente Epitácio,SE,55293427000117,870,
São Pedro,SE,46415998000196,871,
Araioses,NE,06450191000170,872,
Mangaratiba,SE,29138310000159,873,
São Mateus do Maranhão,NE,06019491000107,874,
Entre Rios,NE,14126981000122,875,
Almeirim,NO,05139464000105,876,
Várzea Alegre,NE,07539273000158,877,
São Fidélis,SE,29111093000103,878,
Santa Maria da Vitória,NE,13912506000119,879,
Brumadinho,SE,18363929000140,880,
Novo Horizonte,SE,45152139000199,881,
Rio Negrinho,SU,83102756000179,882,
Visconde do Rio Branco,SE,18137927000133,883,
Maragogipe,NE,13784384000122,884,
Rio Brilhante,CO,03681582000107,885,
Tietê,SE,46634598000171,886,
Amambai,CO,03568433000136,887,
Ilhabela,SE,46482865000132,888,
Oeiras,NE,06553937000170,889,
Iturama,SE,18457242000174,890,
Mucuri,NE,13761705000173,891,
Vassouras,SE,32412819000152,892,
Curralinho,NO,04876710000130,893,
Afuá,NO,05119854000105,894,
Teotônio Vilela,NE,12842829000110,895,
Bonito,NE,10121515000101,896,
Pedro II,NE,06553929000124,897,
Orlândia,SE,45351749000111,898,
São Francisco do Conde,NE,13830823000196,899,
Pentecoste,NE,07682651000158,900,
Massapê,NE,07598691000116,901,
Mombaça,NE,07736390000101,902,
Pedra Branca,NE,07726540000104,903,
Pontal,SE,45352267000186,904,
Agudos,SE,46137444000174,905,
Turiaçu,NE,63451363000163,906,
Jeremoabo,NE,13809041000175,907,
Sirinhaém,NE,10292209000120,908,
Pimenta Bueno,NO,04092680000171,909,
Benjamin Constant,NO,04243978000135,910,
Sento Sé,NE,13692736000110,911,
Ituverava,SE,46710422000151,912,
Juara,CO,15072663000199,913,
Atalaia,NE,12200143000126,914,
Porteirinha,SE,18013326000119,915,
Santa Cruz,NE,08358889000195,916,
Santa Helena de Goiás,CO,02056711000103,917,
Bom Jardim,NE,10293074000117,918,
Santana do Paraíso,SE,38515573000120,919,
Santaluz,NE,13807870000119,920,
Guariba,SE,48664304000180,921,
São Caitano,NE,10091585000156,922,
Pedreiras,NE,06184253000149,923,
Campos Novos,SU,82939232000174,924,
Jaíba,SE,25209149000106,925,
Goiatuba,CO,01753722000180,926,
Machado,SE,18242784000120,927,
Matozinhos,SE,18771238000186,928,
Mandaguari,SU,76285345000109,929,
São Desidério,NE,13655436000160,930,
Ouro Preto do Oeste,NO,04380507000179,931,
Ipueiras,NE,07680846000169,932,
Missão Velha,NE,07977044000115,933,
Rosário,NE,41479569000169,934,
Sarzedo,SE,01612509000158,935,
Dom Pedrito,SU,87482535000124,936,
São João da Barra,SE,29116902000170,937,
José Bonifácio,SE,45141132000171,938,
Portão,SU,87344016000108,939,
Assis Chateaubriand,SU,76208479000118,940,
Palmeira,SU,76179829000165,941,
Rosário do Sul,SU,88138292000174,942,
Amarante do Maranhão,NE,06157846000116,943,
Amargosa,NE,13825484000150,944,
Guarantã do Norte,CO,03239019000183,945,
Jacundá,NO,05854633000180,946,
Apodi,NE,08349011000193,947,
Boca do Acre,NO,15811318000120,948,
Domingos Martins,SE,27150556000110,949,
Custódia,NE,11358165000156,950,
Girau do Ponciano,NE,12207536000161,951,
Bom Jesus do Itabapoana,SE,28812972000108,952,
Igarapé-Açu,NO,05149117000155,953,
Prainha,NO,04860854000107,954,
Niquelândia,CO,02215895000107,955,
Jaguariaíva,SU,76910900000138,956,
Confresa,CO,37464716000150,957,
Pilar,NE,12200150000128,958,
Itaqui,SU,88120662000146,959,
Rio Real,NE,15088800000183,960,
Pilão Arcado,NE,13692033000191,961,
Iporá,CO,01157536000188,962,
Bagre,NO,04876538000115,963,
Aliança,NE,10164028000118,964,
Santa Rita,NE,63441836000141,965,
Garibaldi,SU,88594999000195,966,
Rondon do Pará,NO,04780953000170,967,
Promissão,SE,44558856000152,968,
Palotina,SU,76208487000164,969,
Presidente Venceslau,SE,46476131000140,970,
Laranjal do Jari,NO,23066905000160,971,
Feijó,NO,04005179000120,972,
Conceição do Jacuípe,NE,14222574000119,973,
Charqueadas,SU,88743604000179,974,
Itambé,NE,10150050000109,975,
São José do Belmonte,NE,10280055000156,976,
Piumhi,SE,16781346000104,977,
Tucumã,NO,22981088000102,978,
Araçuaí,SE,17963083000117,979,
Santa Fé do Sul,SE,45138070000149,980,
Pomerode,SU,83102251000104,981,
São Luiz Gonzaga,SU,87613022000105,982,
São Joaquim de Bicas,SE,01612516000150,983,
Nanuque,SE,18398974000130,984,
Mãe do Rio,NO,05363023000184,985,
Peixoto de Azevedo,CO,03238631000131,986,
Bodocó,NE,11040862000164,987,
Posse,CO,01743335000162,988,
Rio Pardo,SU,88821079000162,989,
Barra Bonita,SE,46172888000140,990,
Itaporanga d'Ajuda,NE,13128889000139,991,
Tuntum,NE,06138911000166,992,
Adamantina,SE,43008291000177,993,
Padre Bernardo,CO,01170331000132,994,
Petrolândia,NE,10106235000116,995,
Serra do Ramalho,NE,16417784000198,996,
Nova Cruz,NE,08144784000133,997,
São Gabriel da Palha,SE,27174143000176,998,
Brejo,NE,06116743000108,999,
Braço do Norte,SU,82926551000145,1000,